,range,range,ATR_14,ATR_14,return,return,abs_return,abs_return,efficiency
,mean,max,mean,max,mean,std,mean,std,mean
session,,,,,,,,,
Asia,267.22468611605717,7083.759999999995,284.7866322617254,2285.7685714285703,1.6960078528055567,224.5087035108432,128.94675523900835,183.7906680788618,0.9619386323186832
Asia + London Overlap,227.47691675794084,5484.0999999999985,260.31500176028794,1809.3350000000003,-3.657916210295741,192.20225092145762,110.22929627601313,157.48944700181008,0.8713735260337051
London,210.08683662993639,8275.86,235.92543391964958,1840.3242857142864,1.6892094996920284,184.01040164048842,100.98611867770862,153.8303849759894,0.8966578752927404
London + NY Overlap,229.16350392264187,4591.43,218.3415401256288,1795.72,3.0747272395548073,194.11284218341441,109.90168582375483,160.03052153338322,1.0672882290216041
New York,292.8296291735086,6587.3499999999985,236.99719084760343,2187.214999999999,1.308527640941479,250.38516194366312,139.93380952380951,207.63340486379508,1.2377084991296559
Other,300.40249397590367,5306.710000000006,296.7492850884056,3014.5707142857127,0.4239200438115709,244.16488667911707,142.44656188389925,198.304153571438,1.0204979164008463
